floor,candidate,profile,isBoss,hpMultiplier,defMultiplier,atkMultiplier,spdMultiplier,winRate,medianTurns,meanTurns,wipeRate,timeoutRate,allyHpLeftRate,enemyHpLeftRate,meanAllySurvivors,enemyActionsPerPlayerAction,p95MaxEnemyStreak,battlesWithEnemyStreak8Plus,enemyActedRate,meanEnemyActions,meanFirstEnemyActionOrdinal,enemyDefeatedRate,playerStunsPerBattle,playerGaugeDrainsPerBattle,battlesWithoutEnemyAction,meanMaxEnemyStreak,maxEnemyStreak,enemyStunnedPerBattle,enemyGaugeDownsPerBattle,poisonDamagePerBattle,poisonTicksPerBattle,poisonApplicationsPerBattle,meanMaxPoisonStacks,maxPoisonStacks,poisonShareOfEnemyMaxHp,poisonShareOfDamageTaken,directDamagePerBattle,directShareOfEnemyMaxHp,enemyHealedShareOfMaxHp,allyBurnDamagePerBattle,enemyMeanHp,enemyMeanAtk,enemyMeanDef,enemyMeanSpd,targetHp,targetAtk,targetDef,targetSpd
9,ABSOLUTE_CURVE,STRONG,false,1,1,1,1,1,26,25.92,0,0,1,0,5,0.002859060746017267,1,0,0.075,0.075,16.133333333333333,1,4.6,0,0.925,0.075,1,4.6,11.665,0,0,0,0,0,0,0,260569.115,0.9306039821428567,0,0,70000,5100,2440,151,70000,5100,2440,151
9,ABSOLUTE_CURVE,CONTROL,false,1,1,1,1,1,11,11.53,0,0,1,0,5,0,0,0,0,0,0,1,6.42,0,1,0,0,6.42,7.36,0,0,0,0,0,0,0,278178.96,0.9934962857142855,0,0,70000,5100,2440,151,70000,5100,2440,151
9,ABSOLUTE_CURVE,DOT_CONTROL,false,1,1,1,1,1,51,52.785,0,0,0.9980144814906768,0,5,0.013121825897775798,1,0,0.41,0.585,23.20731707317073,1,12.335,0,0.59,0.445,2,12.335,21.325,77300.11,4.925,15.29,5,5,0.27607182142857156,0.2690858793253887,209201.03,0.7471465357142858,0,0,70000,5100,2440,151,70000,5100,2440,151
19,ABSOLUTE_CURVE,STRONG,false,1,1,1,1,1,27,27.605,0,0,1,0,5,0.005692220709707275,1,0,0.135,0.14,16.51851851851852,1,4.685,0,0.865,0.135,1,4.685,12.225,0,0,0,0,0,0,0,304097,0.8944029411764709,0,0,85000,6200,3000,158,85000,6200,3000,158
19,ABSOLUTE_CURVE,CONTROL,false,1,1,1,1,1,16,17.04,0,0,0.9998521537287814,0,5,0.004170129789450276,1,0,0.06,0.09,17.916666666666668,1,6.785,0,0.94,0.08,2,6.785,8.875,0,0,0,0,0,0,0,328907.445,0.9673748382352944,0,0,85000,6200,3000,158,85000,6200,3000,158
19,ABSOLUTE_CURVE,DOT_CONTROL,false,1,1,1,1,1,62,62.88,0,0,0.9904657959932973,0,5,0.028178205524915713,2,0,0.82,1.465,21.3109756097561,1,14.03,0,0.18,0.99,4,14.03,24.155,131727.08,7.485,16.875,5,5,0.38743258823529436,0.37989363067558574,214610.85,0.6312083823529412,0,0,85000,6200,3000,158,85000,6200,3000,158
29,ABSOLUTE_CURVE,STRONG,false,1,1,1,1,1,43,42.435,0,0,0.9998200666582189,0,5,0.02777025857838067,2,0,0.48,0.98,19.677083333333332,1,6.22,0,0.52,0.765,2,6.22,18.04,0,0,0,0,0,0,0,333632.23,0.7943643437246279,0,0,105000,7500,3600,165,105000,7500,3600,165
29,ABSOLUTE_CURVE,CONTROL,false,1,1,1,1,1,26,25.92,0,0,0.9985569653093627,0,5,0.039697947765555595,2,0,0.495,0.975,17.03030303030303,1,7.48,0,0.505,0.8,2,7.48,11.045,0,0,0,0,0,0,0,381730.645,0.908884652106315,0,0,105000,7500,3600,165,105000,7500,3600,165
29,ABSOLUTE_CURVE,DOT_CONTROL,false,1,1,1,1,1,64,65.145,0,0,0.9866524794336915,0,5,0.08794355448361772,3,0,0.955,4.485,18.56020942408377,1,14.09,0,0.045,1.86,4,14.09,23.815,234843.865,11.31,17.085,5,5,0.5591533908414071,0.5400519148158672,199634.73,0.47532191743313645,0,0,105000,7500,3600,165,105000,7500,3600,165
39,ABSOLUTE_CURVE,STRONG,false,1,1,1,1,1,46,46.885,0,0,0.9991458739201486,0,5,0.012025073167681673,2,0,0.355,0.505,23.422535211267604,1,6.71,0,0.645,0.425,3,6.71,19.845,0,0,0,0,0,0,0,398537.375,0.7664180288461544,0,0,130000,9000,4300,172,130000,9000,4300,172
39,ABSOLUTE_CURVE,CONTROL,false,1,1,1,1,1,33,33.25,0,0,0.9944434732917231,0,5,0.04087800639516691,3,0,0.61,1.22,18.811475409836067,1,8.89,0,0.39,0.99,4,8.89,13.495,0,0,0,0,0,0,0,441929.625,0.8498646634615392,0,0,130000,9000,4300,172,130000,9000,4300,172
39,ABSOLUTE_CURVE,DOT_CONTROL,false,1,1,1,1,1,73,74.28,0,0,0.977365695283431,0,5,0.05432492193026039,3,0,0.95,3.215,19.873684210526317,1,16.115,0,0.05,1.5,4,16.115,27.5,332067.845,11.855,19.3,5,5,0.6385920096153845,0.6096686701914406,211751.385,0.40721420192307695,0,0,130000,9000,4300,172,130000,9000,4300,172
49,ABSOLUTE_CURVE,STRONG,false,1,1,1,1,1,63,64.445,0,0,0.9938994240856125,0,4.995,0.07497918225719916,3,0,0.895,3.88,20.12849162011173,1,8.13,0,0.105,1.79,5,8.13,25.27,0,0,0,0,0,0,0,416537.31,0.6508395468750001,0,0,160000,11000,5000,180,160000,11000,5000,180
49,ABSOLUTE_CURVE,CONTROL,false,1,1,1,1,1,41,42.76,0,0,0.985350724344253,0,5,0.12654170251749894,3,0,0.995,4.235,16.20603015075377,1,10.545,0,0.005,2.065,4,10.545,16.1,0,0,0,0,0,0,0,520418.67,0.8131541718750005,0,0,160000,11000,5000,180,160000,11000,5000,180
49,ABSOLUTE_CURVE,DOT_CONTROL,false,1,1,1,1,1,73,73.77,0,0,0.9814789839104492,0,5,0.09857913720795217,4,0,0.995,5.58,17.190954773869347,1,16.3,0,0.005,2.275,4,16.3,26.325,501637.565,15.225,19.225,5,5,0.7838086953125001,0.7296706078355342,185213.285,0.28939575781249993,0,0,160000,11000,5000,180,160000,11000,5000,180
59,ABSOLUTE_CURVE,STRONG,false,1,1,1,1,0.965,98,104.775,0,0.035,0.9876665326322741,0.01723461842105263,4.965,0.10605075235146916,4,0,1,9.085,20.45,0.97625,13.125,0,0,2.475,6,13.125,39.93,0,0,0,0,0,0,0,519017.39,0.6829176184210527,0.24151090789473692,0,190000,14000,6200,200,190000,14000,6200,200
59,ABSOLUTE_CURVE,CONTROL,false,1,1,1,1,1,63,61.365,0,0,0.9888039268754153,0,5,0.11330352359923573,3,0,1,5.39,16.665,1,14.89,0,0,2.6,4,14.89,22.85,0,0,0,0,0,0,0,711179.665,0.9357627171052633,0.21625099999999992,0,190000,14000,6200,200,190000,14000,6200,200
59,ABSOLUTE_CURVE,DOT_CONTROL,false,1,1,1,1,1,101,103.01,0,0,0.9858653970150136,0,5,0.09978280122489128,3,0,1,7.8,16.715,1,22.555,0,0,2.54,4,22.555,36.735,767325.82,19.945,27.005,5,5,1.0096392368421057,0.7894987885778479,203957.57,0.2683652236842104,0.23591486184210533,0,190000,14000,6200,200,190000,14000,6200,200
69,ABSOLUTE_CURVE,STRONG,false,1,1,1,1,0.765,132,168.835,0,0.235,0.9552216033181924,0.16553450269733574,4.725,0.2041763031076801,5,0,1,25.81,17.775,0.797,25.715,0,0,3.86,6,25.715,65.895,0,0,0,0,0,0,0,633241.275,0.5628816336725633,0.35955979960871054,16430.98,225000,17000,7200,215,225000,17000,7200,215
69,ABSOLUTE_CURVE,CONTROL,false,1,1,1,1,0.93,85,104.515,0,0.07,0.9608786640186904,0.028834541186258833,4.79,0.20343073079080023,5,0,1,14.92,15.73,0.9630000000000001,25.985,0,0,3.67,6,25.985,37.265,0,0,0,0,0,0,0,1036961.545,0.9217444148839243,0.27612601433423406,12829.92,225000,17000,7200,215,225000,17000,7200,215
69,ABSOLUTE_CURVE,DOT_CONTROL,false,1,1,1,1,0.935,111,124.01,0,0.065,0.9673761385520534,0.03812064277390469,4.875,0.18941141475887735,5,0,1,16.94,15.705,0.954,29.63,0,0,3.605,6,29.63,42.895,1221987.475,28.915,31.785,4.96,5,1.086212054410716,0.8466535389283949,210709.25,0.18729727759758014,0.2780490693769497,14842.54,225000,17000,7200,215,225000,17000,7200,215
79,ABSOLUTE_CURVE,STRONG,false,1,1,1,1,0.86,181,196.085,0,0.14,0.9751348456594842,0.11751275661340121,4.86,0.21894538778255307,5,0.005,1,31.465,16.315,0.871,26.005,0,0,4.17,10,26.005,71.665,0,0,0,0,0,0,0,774462.02,0.584500078867984,0.4870130468022996,0,265000,20000,8200,230,265000,20000,8200,230
79,ABSOLUTE_CURVE,CONTROL,false,1,1,1,1,0.995,112,118.09,0,0.005,0.9792548491386404,0.004355482532439647,4.99,0.23119057948593544,6,0.005,1,18.945,14.535,0.995,26.89,0,0,4.09,8,26.89,40.795,0,0,0,0,0,0,0,1214552.63,0.9166441861465553,0.38402328605531044,0,265000,20000,8200,230,265000,20000,8200,230
79,ABSOLUTE_CURVE,DOT_CONTROL,false,1,1,1,1,1,129,135.7,0,0,0.9831118728140916,0,5,0.20386288925140625,5,0,1,18.995,14.555,1,28.85,0,0,4.03,7,28.85,45.56,1605736.33,33.81,35.1,5,5,1.211877390096143,0.8920225196243678,195380.79,0.14745731128853676,0.3621482469043375,0,265000,20000,8200,230,265000,20000,8200,230
89,ABSOLUTE_CURVE,STRONG,false,1,1,1,1,0.035,300,285.99,0.07,0.895,0.7326329991796112,0.9203678193548379,3.405,0.5207521016008853,9,0.12,1,79.425,15.315,0.045,47.065,0,0,5.435,11,47.065,107.55,0,0,0,0,0,0,0,360701.825,0.23271085483870968,0.5940329129032262,25220.42,310000,23500,9200,245,310000,23500,9200,245
89,ABSOLUTE_CURVE,CONTROL,false,1,1,1,1,0.04,300,255.16,0.295,0.665,0.427420751019179,0.905015529032259,1.81,0.8043735211469604,10,0.175,1,88.99,13.43,0.048999999999999995,54.88,0,0,5.825,11,54.88,93.14,0,0,0,0,0,0,0,583838.255,0.37666984193548353,0.6004115838709675,29876.825,310000,23500,9200,245,310000,23500,9200,245
89,ABSOLUTE_CURVE,DOT_CONTROL,false,1,1,1,1,0.365,162,194.71,0.255,0.38,0.5246684510783222,0.5792074290322579,2.39,0.6743794364911889,9,0.135,1,63.145,13.495,0.38699999999999996,40.71,0,0,5.345,11,40.71,68.88,1137546.15,24.21,21.36,4.15,5,0.7339007419354838,0.8482107507790586,128174.585,0.08269328064516131,0.4598971161290322,17918.56,310000,23500,9200,245,310000,23500,9200,245
99,ABSOLUTE_CURVE,STRONG,false,1,1,1,1,0.005,300,248.115,0.385,0.61,0.5077097154549144,0.9046118277777779,2.465,0.6784835008606457,11,0.415,1,79.46,14.065,0.03600000000000001,35.985,0,0,7.105,16,35.985,84.365,0,0,0,0,0,0,0,390924.265,0.21718014722222215,0.577530497222223,0,360000,27000,10500,260,360000,27000,10500,260
99,ABSOLUTE_CURVE,CONTROL,false,1,1,1,1,0.07,168,178.84,0.675,0.255,0.23063049970148686,0.8351484555555551,1.095,0.8924085038261925,11,0.245,1,62.04,12.13,0.09,39.505,0,0,6.555,14,39.505,58.405,0,0,0,0,0,0,0,754957.76,0.4194209777777782,0.5548661500000012,0,360000,27000,10500,260,360000,27000,10500,260
99,ABSOLUTE_CURVE,DOT_CONTROL,false,1,1,1,1,0.275,154,165.04,0.52,0.205,0.3933411550419268,0.6568982083333332,1.975,0.7529722804433192,10,0.2,1,49.82,12.12,0.3050000000000001,36.35,0,0,6.085,12,36.35,53.075,1178553.945,23.03,19.83,3.955,5,0.6547521916666671,0.8508112632593178,139861.775,0.07770098611111112,0.49305323055555633,0,360000,27000,10500,260,360000,27000,10500,260
